,vagas,empresas,local,data de postagem
0,Estagiário De Marketing - São Paulo,Inklua,"São Paulo, São Paulo, Brazil",1 month ago
1,APRENDIZ | 3189 - CENTER LAPA-URB.SALVADOR-BA,Banco Bradesco,"Salvador, Bahia, Brazil",10 hours ago
2,Estagiário(a),Rede Marista,Brazil,2 weeks ago
3,Estagiário Marketing,GHT,Brazil,18 hours ago
4,Vaga de Estágio/ Iniciante em Social média,Colégio San Marcos,Greater São Paulo Area,4 weeks ago
5,Estagiário(a) de Marketing (Comunicação).,Cobasi,"São Paulo, São Paulo, Brazil",1 week ago
6,Estágio Em Marketing,Show de Cadeiras,"Praia Grande, São Paulo, Brazil",5 days ago
7,ESTAGIÁRIO DE MARKETING,INFOVAGAS,Greater São Paulo Area,5 days ago
8,Estagiário,Grupo 5 RH,"Salvador, Bahia, Brazil",18 hours ago
9,Estagiário(a) de Criação,Megafone Comunicação,"São Paulo, São Paulo, Brazil",20 hours ago
10,Hurb | Jovem Aprendiz,Hurb,"Rio de Janeiro, Rio de Janeiro, Brazil",1 month ago
11,Estágio em Cultura,Yandeh,"São Paulo, São Paulo, Brazil",3 weeks ago
12,Estágio em Marketing,Influu,Greater São Paulo Area,1 month ago
13,Estagiário de marketing,Mérito Comercial,Greater São Paulo Area,1 week ago
14,Estágio em Marketing,Sociedade Tavola,"Campinas, São Paulo, Brazil",1 month ago
15,Estagiário,TrabalhaBrasil,"Fortaleza, Ceará, Brazil",3 weeks ago
16,Estágio de Marketing,Monitorias,Greater São Paulo Area,1 month ago
17,Estágio em marketing,ITC Tecnologia Renovável,"Olinda, Pernambuco, Brazil",18 hours ago
18,Estágio em marketing,Trimbo Marketing,"Campinas, São Paulo, Brazil",1 week ago
19,Estagiário(a) - Licenciaturas,Rede Marista,"Bento Gonçalves, Rio Grande do Sul, Brazil",1 month ago
20,Estagiário,TrabalhaBrasil,"Volta Redonda, Rio de Janeiro, Brazil",1 week ago
21,Estagiário,Colégio Agostiniano Mendel,"São Paulo, São Paulo, Brazil",2 weeks ago
22,Estagiário(a) - Pedagogia,Rede Marista,"Brasília, Federal District, Brazil",2 weeks ago
